{
    "Seattle": {
        "station": "GHCND:US1WAKG0038",
        "state": "WA",
        "total_monthly_precipitation": [
            {
                "1": 1323,
                "2": 853,
                "3": 144,
                "4": 481,
                "5": 5,
                "6": 3,
                "7": 34,
                "8": 0,
                "9": 14,
                "10": 617,
                "11": 394,
                "12": 1903
            }
        ],
        "total_yearly_precipitation": "11180",
        "relative_monthly_precipitation": [
            {
                "1": 0.22924969675966037,
                "2": 0.1478080055449662,
                "3": 0.0249523479466297,
                "4": 0.08334777334950615,
                "5": 0.0008664009703690869,
                "6": 0.0005198405822214521,
                "7": 0.005891526598509791,
                "8": 0.0,
                "9": 0.002425922717033443,
                "10": 0.10691387974354531,
                "11": 0.06827239646508404,
                "12": 0.32975220932247445
            }
        ]
    }
}